{
"brief": {
"project": "DevForge-MAS",
"mission": "Мультиагентная фабрика приложений, доводящая идею пользователя от брифа до релизного артефакта с воспроизводимостью и ADR-lite.",
"scope": ["приём брифа", "планирование WBS", "архитектура MAS", "оркестрация агентов", "генерация кода/доков", "CI/CD-заготовки", "релиз артефактов"],
"deliverables": ["Project Brief JSON", "Acceptance Criteria (c таймштампами)", "ADR-lite.md", "WBS.json (со статусом)", "Артефакты в workspace (код/доки)"],
"tech": {"lang":"Python 3.11+","OS":"macOS","repo":"monorepo","agents":"LLM-agents + утилитарные воркеры","infra":"локально; расширяемо"},
"quality_bar": ["reproducible runs", "traceability (ADR-lite)", "idempotency стадий", "полные файлы без усечений"],
"stakeholders": ["User (Product Owner)", "Supervisor (вы)", "Агенты (по ролям)"]
},
"kpi": [
"AC_PASS_RATE ≥ 95% (по Acceptance Criteria)",
"REPRO_RUN: полная сборка из нуля ≤ 1 команды",
"ADR_COVERAGE: ≥ 1 ADR на каждое значимое решение",
"DEFECT_RATE: ≤ 2 критических дефекта на релиз",
"DOC_COMPLETENESS: 100% артефактов имеют пути и инструкции",
"WBS_PROGRESS: ≥ 80% задач этапа завершаются в 1 чат"
],
"non_goals": [
"AGI-исследования и RLHF",
"Генерация продвинутой UI-графики/дизайна",
"Долгоживущие фоновые операции без явного запуска",
"Жёсткая привязка к платным облакам без одобрения"
],
"constraints": [
"Одна стадия = один чат; качество > скорость",
"Артефакты только с полными файлами и путями",
"Без платных API/сервисов без явного согласия",
"Русский язык по умолчанию; TZ=America/Chicago",
"Хранить Brief/AC/ADR/WBS/Артефакты переносимо"
],
"risks": [
"Scope creep и распухание агентного состава",
"Нестабильность LLM-вывода (детерминизм/сид)",
"Версионные дрейфы окружения",
"Недостаточная проверка AC до релиза",
"Конфликты артефактов в workspace"
],
"glossary": {
"ADR-lite": "краткие решения с ID, контекстом и последствиями",
"AC": "Acceptance Criteria — проверяемые условия приёмки",
"WBS": "Work Breakdown Structure — план работ по задачам",
"MAS": "Multi-Agent System — мультиагентная система",
"Artifact": "конечный файл/пакет/документ с путём в workspace",
"Snapshot": "краткое состояние: brief/ADR/шаги/артефакты"
}
}